問題文	選択肢A	選択肢B	選択肢C	選択肢D	正解	解説	Text	タグ	ファイル名
What is probably the most effective type of control for this task?	Steve is a security practitioner assigned to come up with a	pedestrians. ~) 39 vy	What is probably the most effective type of control for this task?	Administrative	Technical	Physical controls, such as fences, walls and bollards, will be most likely to ensure cars cannot collide with pedestrians by creating actual barriers between cars and pedestrians.	{{c1::Technical}}	CC ISC2 Cybersecurity	Screenshot from 2025-07-02 16-51-05.png
Which concept does this task demonstrate?	Fe ntae te PERN Se oR Cee e Cy ETO SOT Fun wine Kuss	Chad is a security practitioner tasked with ensuring that the	> _ byanyone outside the organization. 27	Which concept does this task demonstrate?	Fe ntae te PERN Se oR Cee e Cy ETO SOT Fun wine Kuss	Preventing unauthorized modification is the definition of integrity.	{{c1::Fe ntae te PERN Se oR Cee e Cy ETO SOT Fun wine Kuss}}	CC ISC2 Cybersecurity	Screenshot from 2025-07-02 16-51-22.png
Which of the following is an example of a ""Something you know"" 29 30	Which concept does this task demonstrate?	Which of the following is an example of a ""Something you know"" 29 30	°? authentication factor?	Fingerprint	User ID	A password is something the user knows and can present as an authentication factor to confirm an identity	{{c1::User ID}}	CC ISC2 Cybersecurity	Screenshot from 2025-07-02 16-51-29.png
Which of the following is an example of a ""Something you are""	WING UF Wie tunUWiniy I> an CAaIpie Ula SUTTeuniy you KiUWw	Which of the following is an example of a ""Something you are""	Acredit card presented to a cash machine	A photograph of your face	Auser ID	A facial photograph is something you are, your appearance. Asystem collects transactional information and stores i record in order to show which users performed which actions.	{{c1::Auser ID}}	CC ISC2 Cybersecurity	Screenshot from 2025-07-02 16-51-34.png
What is the European Union (EU) law that grants legal	AULNENUGAUUTT FacLur s	Asystem collects transactional information and stores it ina	Which concept does this demonstrate?	Multifactor authentication	AULNENUGAUUTT FacLur s	Non-repudiation describes the concept that users cannot deny having performed transactions that they did, in fact, conduct. A system that keeps a record of user transactions provides non-repudiation.	{{c1::AULNENUGAUUTT FacLur s}}	CC ISC2 Cybersecurity	Screenshot from 2025-07-02 16-51-40.png
For which of the following systems would the security concept of	Which concept does this demonstrate?	What is the European Union (EU) law that grants legal	The General Data Protection Regulation	The Maastricht Treaty (the Treaty on European Union)	Which concept does this demonstrate?	The GDPR is the EU law that treats privacy as a human right.	{{c1::Which concept does this demonstrate?}}	CC ISC2 Cybersecurity	Screenshot from 2025-07-02 16-51-44.png
For which of the following assets is integrity probably the MOST /\ aN aN	h of the following systems would the security concept of s	be considered MOST important? ES) v	3) Medical systems that monitor patient conditions in an intensive-care unit	Medical systems that store patient data	Medical systems that store patient data	Information that reflects patient conditions is data that necessarily must be kept available in real time, because that data is directly linked to patient well-being (and possibly a matter of life or death). This is, by far, the most important of the options listed.	{{c1::Medical systems that store patient data}}	CC ISC2 Cybersecurity	Screenshot from 2025-07-02 16-51-49.png
For which of the following assets is integrity probably the MOST (100 (*)	For which of the following assets is integrity probably the MOST (100 (*)	important security aspect? v	One frame of a streaming video	Software that checks the spelling of product descriptions for a retail website	For which of the following assets is integrity probably the MOST (100 (*)	If a password file is modified, the impact to the environment could be significant; there is a possibility that all authorized users could be denied access, or that anyone (including unauthorized users) could be granted access. The integrity of the password file is probably the most crucial of the four options listed. In risk management, which concept reflects something a ©) (100) 36 security practitioner might need to protect?	{{c1::For which of the following assets is integrity probably the MOST (100 (*)}}	CC ISC2 Cybersecurity	Screenshot from 2025-07-02 16-51-53.png
? security practitioner might need to protect?	In risk management, which concept reflects something a (100	? security practitioner might need to protect?	QY) Asset	Likelihood	Likelihood	An asset is anything with value, and a security practitioner may need to protect assets. In risk management concepts, what is something or someone ” 2 that poses risk to an organization or asset?	{{c1::Likelihood}}	CC ISC2 Cybersecurity	Screenshot from 2025-07-02 16-51-59.png
? security practitioner might need to protect?	In risk management, which concept reflects something a (100	? security practitioner might need to protect?	In risk management concepts, what is something or someone ”	2 that poses risk to an organization or asset?	In risk management, which concept reflects something a (100	A threat is something or someone that poses risk to the organization; this is the definition of a threat. Of the follawina which would nrahahlv NOT he conciderad a “™ “™~	{{c1::In risk management, which concept reflects something a (100}}	CC ISC2 Cybersecurity	Screenshot from 2025-07-02 16-52-03.png
Of the following, which would probably NOT be considered a (100 (#)	Of the following, which would probably NOT be considered a (100 (#)	°° threat? v	3) A laptop with sensitive data on it	An external attacker trying to gain unauthorized access to the environment	An external attacker trying to gain unauthorized access to the environment	A laptop, and the data on it, are assets, not threats. All the other answers are examples of threats because they all have the potential to cause adverse impact to the organization and its assets. > Which of the following probably poses the MOST risk? ~) (~) vy Conect Score Seconds	{{c1::An external attacker trying to gain unauthorized access to the environment}}	CC ISC2 Cybersecurity	Screenshot from 2025-07-02 16-52-13.png
> Which of the following probably poses the MOST risk? ~) (~) vy	bauer pee cancrs	> Which of the following probably poses the MOST risk? ~) (~) vy	3) A high-likelihood, high-impact event	A high-likelihood, low-impact event	A high-likelihood, low-impact event	An event that has a significant probability of occurring (""high-likelinood"") and also has a severe negative consequence (high-impact) poses the most risk. 9 Within the organization, who can identify risk? (®) 33 wy) Incorrect Score Seconds	{{c1::A high-likelihood, low-impact event}}	CC ISC2 Cybersecurity	Screenshot from 2025-07-02 16-52-21.png
What concent does Kerpak's solution demonstrate?	9 Within the organization, who can identify risk? (®)	Any security team member	Senior management	The security manager	9 Within the organization, who can identify risk? (®)	Anyone within the organization can identify risk. Kerpak works in the security office of a medium-sized entertainment company. Kerpak is asked to assess a particular threat, and he suggests that the best way to counter this threat > would be to purchase and implement a particular security	{{c1::9 Within the organization, who can identify risk? (®)}}	CC ISC2 Cybersecurity	Screenshot from 2025-07-02 16-52-26.png
What concept does Kerpak's solution demonstrate?	Kerpak works in the security office of a medium-sized	threat, and he suggests that the best way to counter this threat	> would be to purchase and implement a particular security 58	What concept does Kerpak's solution demonstrate?	Kerpak works in the security office of a medium-sized	Applying a security solution (a type of control) is an example of mitigation.	{{c1::Kerpak works in the security office of a medium-sized}}	CC ISC2 Cybersecurity	Screenshot from 2025-07-02 16-52-49.png
	Fill in the missing word:	Sophia is visiting Las Vegas and decides to put a bet ona 2	? particular number on a roulette wheel. Nay, v	This is an example of .	Avoidance	Sophia is accepting the risk that the money will be lost, even though the likelihood is high; Sophia has decided that the potential benefit (winning the bet), while low in likelihood, is worth the risk.	{{c1::Avoidance}}	CC ISC2 Cybersecurity	Screenshot from 2025-07-02 16-52-54.png
What concept does this demonstrate?	Phrenal is selling a used laptop in an online auction. Phrenal has	2 or more, but is prepared to take less for it if nobody bids that	What concept does this demonstrate?	Risk inversion	Threat	Phrenal has decided there is an acceptable level of risk associated with the online sale of the laptop; this is within Phrenal's risk tolerance.	{{c1::Threat}}	CC ISC2 Cybersecurity	Screenshot from 2025-07-02 16-53-01.png
Which type of control is this? cones	What concept does this demonstrate?	A software firewall is an application that runs on a device and	prevents specific types of traffic from entering that device. ©)	Which type of control is this? cones	What concept does this demonstrate?	A software firewall is a technical control because it is a part of the IT environment.	{{c1::What concept does this demonstrate?}}	CC ISC2 Cybersecurity	Screenshot from 2025-07-02 16-53-06.png
Which type of control does this exemplify?	At the airport, there are red lines painted on the ground next to	the runway, which prohibits traffic from crossing it. 8 3	Which type of control does this exemplify?	Administrative	Technical	Ared line that is painted on the ground at the airport to prohibit traffic from crossing it is a physical control, like a stop sign on the roadway is. A bollard is a post set securely in the ground in order to prevent a vehicle from entering an area or driving past a certain point. aan aN	{{c1::Technical}}	CC ISC2 Cybersecurity	Screenshot from 2025-07-02 16-53-12.png
Bollards are an example of which type of control?	A bollard is a post set securely in the ground in order to prevent a	vehicle from entering an area or driving past a certain point.	Bollards are an example of which type of control?	Administrative	Technical	A bollard is a tangible object that prevents a physical act from occurring; this is a physical control. Druna is a security practitioner tasked with ensuring that laptops are not stolen fram the oraanization's offices.	{{c1::Technical}}	CC ISC2 Cybersecurity	Screenshot from 2025-07-02 16-53-15.png
Which kind of security control would probably be BEST for this Incorrect Score ‘seconds	Druna is a security practitioner tasked with ensuring that laptops	Because laptops are tangible objects, and Druna is trying to ensure that these objects are not moved from a	certain place, physical controls are probably best for the purpose.		Druna is a security practitioner tasked with ensuring that laptops	Because laptops are tangible objects, and Druna is trying to ensure that these objects are not moved from a certain place, physical controls are probably best for the purpose.	{{c1::Druna is a security practitioner tasked with ensuring that laptops}}	CC ISC2 Cybersecurity	Screenshot from 2025-07-02 16-53-18.png
What kind of control is this instruction?	Triffid Corporation has a policy that all employees must receive	security awareness instruction before using email; the company	? that the employees might receive via email. (4) v	What kind of control is this instruction?	Finite	Both the policy and the instruction are administrative controls; rules and governance are administrative.	{{c1::Finite}}	CC ISC2 Cybersecurity	Screenshot from 2025-07-02 16-53-24.png
What kind of document is the Common Body of Knowledge?	security practitioners should be familiar with; this is recognized	Common Body of Knowledge.	What kind of document is the Common Body of Knowledge?	Policy	security practitioners should be familiar with; this is recognized	The Common Body of Knowledge is used throughout the industry, recognized among many people, countries and organizations. This is a standard.	{{c1::security practitioners should be familiar with; this is recognized}}	CC ISC2 Cybersecurity	Screenshot from 2025-07-02 16-53-30.png
What kind of document is the Common Body of Knowledge?	Vommmnen peay oF Knowieuge.	What kind of document is the Common Body of Knowledge?	The city of San Jose wants to ensure that all of its citizens are	protected from malware, so the city council creates a rule that	Vommmnen peay oF Knowieuge.	The city council is a governmental body making a legal mandate; this is a law.	{{c1::Vommmnen peay oF Knowieuge.}}	CC ISC2 Cybersecurity	Screenshot from 2025-07-02 16-53-37.png
What kind of document is this?	The Triffid Corporation publishes a strategic overview of the	company's intent to secure all the data the company possesses.	What kind of document is this?	Policy	The Triffid Corporation publishes a strategic overview of the	This is an internal, strategic document, and is therefore a policy. Fill in the missing words:	{{c1::The Triffid Corporation publishes a strategic overview of the}}	CC ISC2 Cybersecurity	Screenshot from 2025-07-02 16-53-42.png
	San Jose municipal code requires that all companies operating	Jose city limits.	The municipal code is a , and the Triffid checklist is a	Law, procedure	San Jose municipal code requires that all companies operating	The municipal code was created by a governmental body and is a legal mandate; this is a law. The Triffid checklist is a detailed set of actions which must be used by Triffid employees in specific circumstances; this	{{c1::San Jose municipal code requires that all companies operating}}	CC ISC2 Cybersecurity	Screenshot from 2025-07-02 16-53-46.png
Which of the following describes this set of rules?	The Payment Card Industry (PCI) Council is a committee made up of	Express) in the United States.	The PCI Council issues rules that merchants must follow if the merchants choose	and how to protect personal data of customers.	The Payment Card Industry (PCI) Council is a committee made up of	This set of rules is known as the Data Security Standard, and it is accepted throughout the industry. 4a5dcBobostab 120% vy CRO}	{{c1::The Payment Card Industry (PCI) Council is a committee made up of}}	CC ISC2 Cybersecurity	Screenshot from 2025-07-02 16-54-16.png
What should Hoshi do?	Triffid needs a new firewall solution, and Hoshi is asked to recommend a product	9 for Triffid to acquire and implement. Hoshi's cousin works for a firewall vendor; ®) -100 Vv	What should Hoshi do?	Disclose the relationship, but recommend the vendor/product	Triffid needs a new firewall solution, and Hoshi is asked to recommend a product	According to the third Canon of the ISC2 Code of Ethics, members are required to provide diligent and competent service to principals. Hoshi's principal here is Triffid, Hoshi's employer. It would be inappropriate for Hoshi to select the cousin's product solely based upon the family relationship; however, if the cousin's product is, in fact, the best choice for Triffid, then Hoshi should recommend that product. In order to avoid any appearance of impropriety or favoritism, Hoshi needs to declare the relationship when making the recommendation.	{{c1::Triffid needs a new firewall solution, and Hoshi is asked to recommend a product}}	CC ISC2 Cybersecurity	Screenshot from 2025-07-02 16-54-20.png
What should Olaf do?	During an audit, Olaf is asked whether Triffid is currently following a particular	security practice. Olaf knows that Triffid is not adhering to that standard in that	What should Olaf do?	Ask supervisors for guidance	During an audit, Olaf is asked whether Triffid is currently following a particular	The ISC2 Code of Ethics requires that members act honorably, honestly, justly, responsibly, and also advance and protect the profession. Both requirements dictate that Olaf should tell the truth to the auditors. While the Code also says that Olaf should provide diligent and competent service to principals, and Olaf's principal is Triffid in this case, lying does not serve Triffid's best long-term interests, even if the truth has some negative impact in the short term.	{{c1::During an audit, Olaf is asked whether Triffid is currently following a particular}}	CC ISC2 Cybersecurity	Screenshot from 2025-07-02 16-54-26.png
What should Aphrodite do?	Cc 0 6 &	Aphrodite is reviewing user log data, Aphrodite discovers that another Triffid	employee is violating the acceptable use policy and watching streaming videos	? during work hours. s v	Nothing	Aphrodite is required by the ISC2 Code of Ethics to provide diligent and competent service to principals. This includes reporting policy violations to Triffid management (Triffid is the principal, in this case). A policy violation of this type is not a crime, so law enforcement does not need to be involved, and ISC2 has no authority over Triffid policy enforcement or employees. Glena is an ISC2 member. Glena receives an email from a company offering a set of answers for an ISC2 certification exam. CO beon	{{c1::Nothing}}	CC ISC2 Cybersecurity	Screenshot from 2025-07-02 16-54-29.png
What should Glena do? correct seconds	> ication exam. YX (5) U	Inform Glena’s employer	Inform law enforcement	Nothing	Inform law enforcement	The ISC2 Code of Ethics requires that members advance and protect the profession; this includes protecting test security for ISC2 certification material. ISC2 (and every ISC2 member) has a vested interest in protecting test material, and countering any entity that is trying to undermine the validity of the certifications. This is, however, not a matter for law enforcement; if it turns out that law enforcement must be involved, ISC2 will initiate that Glena's employer has no bearing on this matter.	{{c1::Inform law enforcement}}	CC ISC2 Cybersecurity	Screenshot from 2025-07-02 16-54-38.png
Which of the followina does this scenario exemplifv?	Cc 0 6 &	You are reviewing log data from a router; there is an entry showing that a user sent	traffic through the router at 11:45 a.m., local time, yesterday.	Which of the following does this exemplify?	Incident	The example describes an event, which is any observable occurrence within the IT environment. (Any observable occurrence in a network or system. (Source: NIST SP 800-61 Rev 2) An attacker outside the organization attempts to gain access to the organization's	{{c1::Incident}}	CC ISC2 Cybersecurity	Screenshot from 2025-07-02 16-54-41.png
Which of the following does this scenario exemplify? Comrece Score Seconds	Which of the following does this exemplify? — ~~ —	An attacker outside the organization attempts to gain access to the organization's	internal files.	? © v	Publication	An intrusion is an attempt (successful or otherwise) to gain unauthorized access. > Who approves the incident response policy? ®) 3 (@) Vv lncorrect Score Seconds	{{c1::Publication}}	CC ISC2 Cybersecurity	Screenshot from 2025-07-02 16-54-44.png
Which of the following are NOT typically involved in incident detection? 28	Which of the following does this scenario exemplify? cones soe	Who approves the incident response policy? ®) 3	The investors	The security manager	Which of the following does this scenario exemplify? cones soe	The organization's senior management are the only entities authorized to accept risk on behalf of the organization, and therefore all organizational policies must be approved by senior management.	{{c1::Which of the following does this scenario exemplify? cones soe}}	CC ISC2 Cybersecurity	Screenshot from 2025-07-02 16-54-48.png
> Which of the following is likely to be included in the business continuity plan?	Automated Tools	Security Analysis	Typically, regulators do not detect incidents nor alert organizations to the existence of incidents.		Automated Tools	Typically, regulators do not detect incidents nor alert organizations to the existence of incidents. 2 What is the goal of Business Continuity efforts? > Which of the following is likely to be included in the business continuity plan?	{{c1::Automated Tools}}	CC ISC2 Cybersecurity	Screenshot from 2025-07-02 16-54-52.png
> Which of the following is likely to be included in the business continuity plan? -100 Vv	Ensure all IT systems continue to operate	Impress customers	Keep critical business functions operational	Save money	Ensure all IT systems continue to operate	Business Continuity efforts are about sustaining critical business functions during periods of potential interruption, such as emergencies, incidents, and disasters. > Which of the following is likely to be included in the business continuity plan? -100 Vv lncowect Score seconds	{{c1::Ensure all IT systems continue to operate}}	CC ISC2 Cybersecurity	Screenshot from 2025-07-02 16-54-55.png
> Which of the following is likely to be included in the business continuity plan? ®) -100 Vv	Alternate work areas for personnel affected by a natural disaster	Last year’s budget information	Log data from all systems	The organization's strategic security approach	Alternate work areas for personnel affected by a natural disaster	The business continuity plan should include provisions for alternate work sites, if the primary site is affected by an interruption, such as a natural disaster. > What is the MOST important goal of a business continuity effort?	{{c1::Alternate work areas for personnel affected by a natural disaster}}	CC ISC2 Cybersecurity	Screenshot from 2025-07-02 16-54-58.png
> Which of the following is likely to be included in the business continuity plan? -100 Vv	Ensure all business activities are preserved during a potential disaster	Ensure all IT systems function during a pote:	Ensure the organization survives a disaster	Preserve health and human safety	Ensure all business activities are preserved during a potential disaster	In all security efforts, preserving health and human safety is paramount and takes precedence over anything else. > What is the overall objective of a disaster recovery (DR) effort? ~Y) (*) Vv	{{c1::Ensure all business activities are preserved during a potential disaster}}	CC ISC2 Cybersecurity	Screenshot from 2025-07-02 16-55-01.png
What is the risk associated with delaying resumption of full normal operations () aad)	conect	Enhance public perception of the organization	Preserve critical business functions during a disaster	Q Return to normal, full operations	Save money	DR efforts are intended to return the organization to normal, full operations.	{{c1::Save money}}	CC ISC2 Cybersecurity	Screenshot from 2025-07-02 16-55-04.png
What is the risk associated with resuming full normal operations too soon after a (>	What is the risk associated with resuming full normal operations too soon after a (>	2 DReffort? (we) S)	Investors might be upset	Regulators might disapprove	The organization could save money	Resuming full normal operations too soon after a disaster might mean personnel are put in danger by whatever affects the disaster caused.	{{c1::The organization could save money}}	CC ISC2 Cybersecurity	Screenshot from 2025-07-02 16-55-06.png
What is the risk associated with resuming full normal operations too soon after a	What is the risk associated with resuming full normal operations too soon after a	What is the risk associated with delaying resumption of full normal operations	Anew disaster might emerge	People might be put in danger	What is the risk associated with resuming full normal operations too soon after a	Alternate operations are typically more costly than normal operations, in terms of impact to the organization; extended alternate operations could harm the organization as much as a disaster. Gelbi is a Technical Support analyst for Triffid, Inc. Gelbi sometimes is required to install or remove software.	{{c1::What is the risk associated with resuming full normal operations too soon after a}}	CC ISC2 Cybersecurity	Screenshot from 2025-07-02 16-55-09.png
What is the risk associated with delaying resumption of full normal operations	What is the risk associated with delaying resumption of full normal operations	Gelbi is a Technical Support analyst for Triffid, Inc. Gelbi sometimes is required to	install or remove software. 2	comect	What is the risk associated with delaying resumption of full normal operations	A privileged account is an account that typically needs greater permissions than a basic user. Guillermo logs on to a system and opens a document file. Guillermo is an example	{{c1::What is the risk associated with delaying resumption of full normal operations}}	CC ISC2 Cybersecurity	Screenshot from 2025-07-02 16-55-11.png
Which of the following could be used to describe Gelbi's account? cones soe	Gelbi is a Technical Support analyst for Triffid, Inc. Gelbi sometimes is required to	Which of the following could be used to describe Gelbi's account? cones soe	Guillermo logs on to a system and opens a document file. Guillermo is an example	The object	Gelbi is a Technical Support analyst for Triffid, Inc. Gelbi sometimes is required to	Guillermo is the subject when he logs on to the system and opens a file.	{{c1::Gelbi is a Technical Support analyst for Triffid, Inc. Gelbi sometimes is required to}}	CC ISC2 Cybersecurity	Screenshot from 2025-07-02 16-55-14.png
Which of the following is NOT an appropriate control to add to privileged	Guillermo logs on to a system and opens a document file. Guillermo is an example	Which of the following is NOT an appropriate control to add to privileged	Increased auditing	Increased logging	Guillermo logs on to a system and opens a document file. Guillermo is an example	Privileged account holders usually are not asked for security deposits. Prachi works as a database administrator for Triffid, Inc. Prachi is allowed to add or delete users, but is not allowed to read or modify the data in the database itself. When Prachi logs on to the system, an access control list (ACL) checks to 2 determine which permissions he has. *	{{c1::Guillermo logs on to a system and opens a document file. Guillermo is an example}}	CC ISC2 Cybersecurity	Screenshot from 2025-07-02 16-55-17.png
Which of the following is NOT an appropriate control to add to privileged ‘6 an	Which of the following is NOT an appropriate control to add to privileged ‘6 an	Prachi works as a database administrator for Triffid, Inc. Prachi is allowed to add or	delete users, but is not allowed to read or modify the data in the database itself.	When Prachi logs on to the system, an access control list (ACL) checks to	Which of the following is NOT an appropriate control to add to privileged ‘6 an	The ACL, in this case, acts as the rule in the subject-object-rule relationship. It determines what Prachi is allowed to do, and what Prachi is not permitted to do. Prachi works as a database administrator for Triffid, Inc. Prachi is allowed to add or	{{c1::Which of the following is NOT an appropriate control to add to privileged ‘6 an}}	CC ISC2 Cybersecurity	Screenshot from 2025-07-02 16-55-20.png
When Prachi logs on to the system, an access control list (ACL) checks to	Prachi works as a database administrator for Triffid, Inc. Prachi is allowed to add or	delete users, but is not allowed to read or modify the data in the database itself.	When Prachi logs on to the system, an access control list (ACL) checks to	In this situation, Prachi represents what?	Prachi works as a database administrator for Triffid, Inc. Prachi is allowed to add or	Prachi is the subject in the subject-object-rule relationship. Prachi manipulates the database; this makes Prachi the subject. Larry and Fern both work in the data center. In order to enter the data center to begin their workday, they must both present their own keys (which are different) > tothe key reader, before the door to the data center opens. 19	{{c1::Prachi works as a database administrator for Triffid, Inc. Prachi is allowed to add or}}	CC ISC2 Cybersecurity	Screenshot from 2025-07-02 16-55-23.png
2 Which of the following is a biometric access control mechanism?	Cc 0 6 &	In this situation, Prachi represents what?	Larry and Fern both work in the data center. In order to enter the data center to	to the key reader, before the door to the data center opens. Vv	Cc 0 6 &	This is an example of dual control, where two people, each with distinct authentication factors, must be present to perform a 2 Which of the following is a biometric access control mechanism? asdcsoboatah 120% 94o8	{{c1::Cc 0 6 &}}	CC ISC2 Cybersecurity	Screenshot from 2025-07-02 16-55-26.png
Which of the following is the BEST recommendation for all individuals visiting a	to the key reader, before the door to the data center opens.	Which security concept is being applied in this situation?	Which of the following is a biometric access control mechanism?	Abadge reader	A fence with razor tape on it	A lock that opens according to a persona's voice is a type of biometric access control.	{{c1::A fence with razor tape on it}}	CC ISC2 Cybersecurity	Screenshot from 2025-07-02 16-55-29.png
Which of the following is the BEST recommendation for all individuals visiting a	> Which of the following is a biometric access control mechanism?	Which of the following is the BEST recommendation for all individuals visiting a	Escort visitors	Fingerprint visitors	> Which of the following is a biometric access control mechanism?	Ina secure facility, visitors should be escorted by an authorized person. All of the following are typically perceived as drawbacks to biometric systems,	{{c1::> Which of the following is a biometric access control mechanism?}}	CC ISC2 Cybersecurity	Screenshot from 2025-07-02 16-55-32.png
> Which of the following is a record of something that has occurred? C) (400) 24	All of the following are typically perceived as drawbacks to biometric systems,	Potential privacy concerns	Retention of physiological data past the point of employment	Biometric systems can be extremely accurate, especially when compared with other types of access controls.	All of the following are typically perceived as drawbacks to biometric systems,	Biometric systems can be extremely accurate, especially when compared with other types of access controls. attempt taken Comect A human guard monitoring a hidden camera could be considered which type of YX > Which of the following is a record of something that has occurred? C) (400) 24	{{c1::All of the following are typically perceived as drawbacks to biometric systems,}}	CC ISC2 Cybersecurity	Screenshot from 2025-07-02 16-55-35.png
2 Which of the following is a record of something that has occurred? ~Y)	- mo Ww A	2? control?	A human guard monitoring a hidden camera could be considered which type of 2	Q)_ Detective	Deterrent	The guard monitoring the camera can identify anomalous or dangerous activity; this is a detective control. 2 Which of the following is a record of something that has occurred? ~Y) Mila works for a government agency. All data in the agency is assigned a particular	{{c1::Deterrent}}	CC ISC2 Cybersecurity	Screenshot from 2025-07-02 16-55-37.png
2 Which of the following is a record of something that has occurred? ~Y) wy	A human guard monitoring a hidden camera could be considered which type of 2	2? control? v	2 Which of the following is a record of something that has occurred? ~Y) wy	Biometric	A human guard monitoring a hidden camera could be considered which type of 2	The description of a log is a record of something that has occurred. Mila works for a government agency. All data in the agency is assigned a particular	{{c1::A human guard monitoring a hidden camera could be considered which type of 2}}	CC ISC2 Cybersecurity	Screenshot from 2025-07-02 16-55-41.png
> Which of the following would be considered a logical access control?	Cc 0 6 &	Mila works for a government agency. All data in the agency is assigned a particular	clearance level, which determines the classification of data each person can access	? and is controlled at the system level. ” (*) v	Cc 0 6 &	Mandatory Access Control is implemented at a system administrator level and cannot be adjusted for discretionary reasons. > Which of the following would be considered a logical access control? Trina and Doug both work at Triffid, Inc. Doug is having trouble logging in to the asdcsoboatah 120% 9x»@ea	{{c1::Cc 0 6 &}}	CC ISC2 Cybersecurity	Screenshot from 2025-07-02 16-55-45.png
> Which of the following would be considered a logical access control? ®) a5 Vv	Mila works for a government agency. All data in the agency is assigned a particular	clearance level, which determines the classification of data each person can access	? and is controlled at the system level. ” (*) v	What is the access control model being implemented in Mila's agency?	Mila works for a government agency. All data in the agency is assigned a particular	Logical access controls limit who can gain user access to a device’ystem. Trina and Doug both work at Triffid, Inc. Doug is having trouble logging in to the	{{c1::Mila works for a government agency. All data in the agency is assigned a particular}}	CC ISC2 Cybersecurity	Screenshot from 2025-07-02 16-55-48.png
What is the problem with this?	Trina and Doug both work at Triffid, Inc. Doug is having trouble logging in to the	network. Trina offers to log in for Doug, using her credentials, so that Doug can get	What is the problem with this?	Anything either of them do will be attributed to Trina	Trina and Doug both work at Triffid, Inc. Doug is having trouble logging in to the	If two users are sharing one set of credentials, then the actions of both users will be attributed to that single account; the organization will be unable to discern exactly who performed which action, which can be troublesome if either user does something negligent or wrong. Gary is unable to log in to the production environment. Gary tries three times and is then locked out of trying again for one hour. 2 (*)	{{c1::Trina and Doug both work at Triffid, Inc. Doug is having trouble logging in to the}}	CC ISC2 Cybersecurity	Screenshot from 2025-07-02 16-55-51.png
Suvid works at Triffid, Inc. When Suvid attempts to log in to the production	What is the problem with this?	Gary is unable to log in to the production environment. Gary tries three times and	is then locked out of trying again for one hour.	Why could this be?	The network is tired	Repeated login attempts can resemble an attack on the network; attackers might try to log in to a user's account multiple times, using different credentials, in a short time period, in an attempt to determine the proper credentials. Suvid works at Triffid, Inc. When Suvid attempts to log in to the production environment, a message appears stating that he has to reset his password. (> (on	{{c1::The network is tired}}	CC ISC2 Cybersecurity	Screenshot from 2025-07-02 16-55-54.png
Suvid works at Triffid, Inc. When Suvid attempts to log in to the production	Cc 0 6 &	Why could this be?	Suvid works at Triffid, Inc. When Suvid attempts to log in to the production	environment, a message appears stating that he has to reset his password.	Cc 0 6 &	Typically, users are required to reset passwords when the password has reached a certain age. Permanent passwords are more likely to be compromised or revealed. Prina is a database manager. Prina is allowed to add new users to the database,	{{c1::Cc 0 6 &}}	CC ISC2 Cybersecurity	Screenshot from 2025-07-02 16-55-57.png
What may have occurred to cause this? cones soe Seconds	environment, a message appears stating that he has to reset his password.	Prina is a database manager. Prina is allowed to add new users to the database,	allowed to read the data in the fields of the database itself. ®) a Vv	This is an example of what?	environment, a message appears stating that he has to reset his password.	Role-based access controls often function in this manner, where the employee's job responsibilities dictate exactly which kinds of access the employee has. This also enforces the concept of least privilege.	{{c1::environment, a message appears stating that he has to reset his password.}}	CC ISC2 Cybersecurity	Screenshot from 2025-07-02 16-55-59.png
Which method should Handel select?	Handel is a senior manager at Triffid, Inc., and is in charge of implementing a new	access control scheme for the company. Handel wants to ensure that operational	Which method should Handel select?	Q Discretionary access controls (DAC)	Mandatory access controls (MAC)	DAC gives managers the most choice in determining which employees get access to which assets. Handel is a senior manager at Triffid, Inc., and is in charge of implementing a new access control scheme for the company. Handel wants to ensure that employees transferring from one department to another, getting promoted, or cross-training	{{c1::Mandatory access controls (MAC)}}	CC ISC2 Cybersecurity	Screenshot from 2025-07-02 16-56-01.png
Which method should Handel select?	Cc 0 6 &	Which method should Handel select?	Handel is a senior manager at Triffid, Inc., and is in charge of implementing a new	access control scheme for the company. Handel wants to ensure that employees	Cc 0 6 &	RBAC is the most efficient way to assign permissions to users based on their job duties.	{{c1::Cc 0 6 &}}	CC ISC2 Cybersecurity	Screenshot from 2025-07-02 16-56-04.png
Which term refers to the logical address of a device connected to the network or	Handel is a senior manager at Triffid, Inc., and is in charge of implementing a new	access control scheme for the company. Handel wants to ensure that employees	who are assigned to new positions in the company do not retain whatever access 20 2	Which method should Handel select?	Handel is a senior manager at Triffid, Inc., and is in charge of implementing a new	RBAC can aid in reducing privilege creep, where employees who stay with the company for a long period of time might get excess permissions within the environment.	{{c1::Handel is a senior manager at Triffid, Inc., and is in charge of implementing a new}}	CC ISC2 Cybersecurity	Screenshot from 2025-07-02 16-56-07.png
What type of device filters network traffic in order to enhance overall security/	Which method should Handel select?	Which term refers to the logical address of a device connected to the network or	Geophysical address	Internet Protocol (IP) address	Which method should Handel select?	The IP address is the logical address assigned to a device connected to a network or the Internet.	{{c1::Which method should Handel select?}}	CC ISC2 Cybersecurity	Screenshot from 2025-07-02 16-56-10.png
What protocol should Barry use when he wants to upload a series of files to a web-	Which term refers to the logical address of a device connected to the network or	internet?	What type of device filters network traffic in order to enhance overall security/	2? performance?	Laptop	Firewalls filter traffic in order to enhance the overall security or performance of the network, or both.	{{c1::Laptop}}	CC ISC2 Cybersecurity	Screenshot from 2025-07-02 16-56-12.png
What protocol should Barry use when he wants to upload a series of files to a web- YX	What protocol should Barry use when he wants to upload a series of files to a web- YX	based storage service?	FTP (File Transfer Protocol)	Q SFTP (Secure File Transfer Protocol)	SMTP (Simple Mail Transfer Protocol)	SFTP is designed specifically for this purpose. A type of device typically accessed by multiple users and often intended for a YX (#9) single purpose, such as managing email or web pages, is referred to as what? 1 attempt taken conect Sere seconds	{{c1::SMTP (Simple Mail Transfer Protocol)}}	CC ISC2 Cybersecurity	Screenshot from 2025-07-02 16-56-14.png
> Carol is browsing the Web. Which of the following ports is she probably using? Y)	A type of device typically accessed by multiple users and often intended for a (0)	? single purpose, such as managing email or web pages, is referred to as what? v	Laptop	Router	Switch	Aserver typically offers a specific service, such as hosting web pages or managing email, and is often accessed by multiple users. > Carol is browsing the Web. Which of the following ports is she probably using? Y) Cyril wants to ensure all the devices on his company's internal IT environment are mranerh: eumechranizad cs —	{{c1::Switch}}	CC ISC2 Cybersecurity	Screenshot from 2025-07-02 16-56-17.png
> Carol is browsing the Web. Which of the following ports is she probably using? Y) 9 Vv	A type of device typically accessed by multiple users and often intended for a YX (#9)	> Carol is browsing the Web. Which of the following ports is she probably using? Y) 9 Vv	Cyril wants to ensure all the devices on his company's internal IT environment are	mranerh: eumechranizad cs —	A type of device typically accessed by multiple users and often intended for a YX (#9)	Port 80 is used for HTTP traffic, and HTTP is a Web-browsing protocol. Cyril wants to ensure all the devices on his company's internal IT environment are mranerh: eumechranizad cs —	{{c1::A type of device typically accessed by multiple users and often intended for a YX (#9)}}	CC ISC2 Cybersecurity	Screenshot from 2025-07-02 16-56-20.png
Which of the following protocols would aid in this effort?	Cyril wants to ensure all the devices on his company's internal IT environment are	properly synchronized.	Which of the following protocols would aid in this effort?	Q NTP (Network Time Protocol)	SMTP (Simple Mail Transfer Protocol)	This is the purpose of NTP. FTP, SMTP and HTTP are incorrect; these do not serve the purpose of synchronization. Ludwig is a security analyst at Triffid, Inc. Ludwig notices network traffic that might indicate an attack designed to affect the availability of the environment.	{{c1::SMTP (Simple Mail Transfer Protocol)}}	CC ISC2 Cybersecurity	Screenshot from 2025-07-02 16-56-23.png
Which of the following might be the attack Ludwig sees?	Ludwig is a security analyst at Triffid, Inc. Ludwig notices network traffic that	Which of the following might be the attack Ludwig sees?	An insider sabotaging the power supply	Q DDOS (distributed denial of service)	Exfiltrating stolen data	DDOS is an availability attack, often typified by recognizable network traffic; either too much traffic to be processed normally, or malformed traffic. Gary is an attacker. Gary is able to get access to the communication wire between Dauphine's machine and Linda's machine and can then surveil the traffic between > the two when they're communicating. Y) (7)	{{c1::Exfiltrating stolen data}}	CC ISC2 Cybersecurity	Screenshot from 2025-07-02 16-56-26.png
What kind of attack is this?	Gary is an attacker. Gary is able to get access to the communication wire between	Dauphine's machine and Linda's machine and can then surveil the traffic between	> the two when they're communicating. Y) (7) Vv	What kind of attack is this?	Physical	This is a textbook example of an on-path attack, where the attackers insert themselves between communicating parties. Bert wants to add a flashlight capability to a smartphone. Bert searches the internet for a free flashlight app, and downloads it to the phone. The app allows > Bert to use the phone as a flashlight, but also steals Bert's contacts list.	{{c1::Physical}}	CC ISC2 Cybersecurity	Screenshot from 2025-07-02 16-56-29.png
What kind of attack is this?	What kind of attack is this?	Bert wants to add a flashlight capability to a smartphone. Bert searches the	Bert to use the phone as a flashlight, but also steals Bert's contacts list. ~Y)	comect	What kind of attack is this?	This is a textbook example of a Trojan horse application. Bert has intentionally downloaded the application with the intent to get a desired service, but the app also includes a hostile component Bert is unaware of. Triffid. Inc.. has manv remote workers who use their own IT devices to process	{{c1::What kind of attack is this?}}	CC ISC2 Cybersecurity	Screenshot from 2025-07-02 16-56-32.png
Which of the following is probably most appropriate for this specific purpose?	What kind of app is this?	Triffid, Inc., has many remote workers who use their own IT devices to process	Triffid's information. The Triffid security team wants to deploy some sort of sensor	on user devices in order to recognize and identify potential security issues. 5	LIDS (logistical intrusion-detection systems)	Host-based intrusion-detection systems are expressly designed for this purpose; each HIDS is installed on each endpoint	{{c1::LIDS (logistical intrusion-detection systems)}}	CC ISC2 Cybersecurity	Screenshot from 2025-07-02 16-56-39.png
Which of the following is probably most appropriate for this specific purpose?	Triffid's information. The Triffid security team wants to deploy some sort of sensor	> onuser devices in order to recognize and identify potential security issues.	Which of the following is probably most appropriate for this specific purpose?	Inbound traffic from an external source seems to indicate much higher rates of	Triffid's information. The Triffid security team wants to deploy some sort of sensor	Firewalls can often identify hostile inbound traffic, and potentially counter it.	{{c1::Triffid's information. The Triffid security team wants to deploy some sort of sensor}}	CC ISC2 Cybersecurity	Screenshot from 2025-07-02 16-56-43.png
What type of solution typically inspects outbound communications traffic to check	What tool aggregates log data from multiple sources, typically analyzes it, and	reports potential threats?	Anti-malware	SIEM/SEM/SIM solutions are typically designed specifically for this purpose.	What tool aggregates log data from multiple sources, typically analyzes it, and	SIEM/SEM/SIM solutions are typically designed specifically for this purpose.	{{c1::What tool aggregates log data from multiple sources, typically analyzes it, and}}	CC ISC2 Cybersecurity	Screenshot from 2025-07-02 16-56-47.png
What type of solution typically inspects outbound communications traffic to check &) (2)	What type of solution typically inspects outbound communications traffic to check &) (2)	Anti-malware	DLP (data loss prevention)	Firewall	What type of solution typically inspects outbound communications traffic to check &) (2)	DLP solutions typically inspect outbound communications traffic to check for unauthorized exfiltration of sensitive/valuable	{{c1::What type of solution typically inspects outbound communications traffic to check &) (2)}}	CC ISC2 Cybersecurity	Screenshot from 2025-07-02 16-56-51.png
Which activity is usually part of the configuration management process, but is also YX	What type of solution typically inspects outbound communications traffic to check	What type of tool is used to monitor local devices with the aim of reducing	potential threats from hostile software? ?	Anti-malware	What type of solution typically inspects outbound communications traffic to check	This is the purpose of anti-malware solutions. extremely helpful in countering potential attacks? attempt taken Comect	{{c1::What type of solution typically inspects outbound communications traffic to check}}	CC ISC2 Cybersecurity	Screenshot from 2025-07-02 16-56-54.png
Which activity is usually part of the configuration management process, but is also (1c)	What type of tool is used to monitor local devices with the aim of reducing	? potential threats from hostile software? v	Which activity is usually part of the configuration management process, but is also (1c)	Annual budgeting	What type of tool is used to monitor local devices with the aim of reducing	Keeping systems up to date is typically part of both the configuration management process and enacting best security practices. > Which type of fire-suppression system is typically the SAFEST for humans?	{{c1::What type of tool is used to monitor local devices with the aim of reducing}}	CC ISC2 Cybersecurity	Screenshot from 2025-07-02 16-56-57.png
Which activity is usually part of the configuration management process, but is also	Cc 0 6 &	Which activity is usually part of the configuration management process, but is also	> Which type of fire-suppression system is typically the SAFEST for humans?	Gaseous	Cc 0 6 &	Water is the safest fire-suppression system listed that is typically used.	{{c1::Cc 0 6 &}}	CC ISC2 Cybersecurity	Screenshot from 2025-07-02 16-57-00.png
What is the section of the IT environment that is closest to the external world;	Which common cloud service model offers the customer the MOST control of the	Function as a Service (FaaS)	Infrastructure as a service (aaS)	Platform as a service (PaaS)	Which common cloud service model offers the customer the MOST control of the	laaS offers the customer the most control of the cloud environment, in terms of common cloud service models.	{{c1::Which common cloud service model offers the customer the MOST control of the}}	CC ISC2 Cybersecurity	Screenshot from 2025-07-02 16-57-03.png
What is the section of the IT environment that is closest to the external world;	What is the section of the IT environment that is closest to the external world;	2? where we locate IT systems that communicate with the Internet? wey	DMZ is what we often call this portion of the environment the demilitarized zone.	VLAN is a way to segment portions of the internal network. MAC is the physical address of a given networked device. RBAC is an	VLAN is a way to segment portions of the internal network. MAC is the physical address of a given networked device. RBAC is an	DMZ is what we often call this portion of the environment the demilitarized zone. VLAN is a way to segment portions of the internal network. MAC is the physical address of a given networked device. RBAC is an access control model. An loT (Internet of Things) device is typically characterized by its effect on or use of which environment? v	{{c1::VLAN is a way to segment portions of the internal network. MAC is the physical address of a given networked device. RBAC is an}}	CC ISC2 Cybersecurity	Screenshot from 2025-07-02 16-57-06.png
What type of device is commonly advisable to have on the perimeter between two (1c)	What is the section of the IT environment that is closest to the external world;	2? where we locate IT systems that communicate with the Internet?	An loT (Internet of Things) device is typically characterized by its effect on or use of	refrigerator, light) or by monitoring the physical environment itself (a camera, sensor, etc.).	What is the section of the IT environment that is closest to the external world;	loT devices typically have some interaction with the physical realm, either by having some physical effect (a vacuum cleaner, refrigerator, light) or by monitoring the physical environment itself (a camera, sensor, etc.).	{{c1::What is the section of the IT environment that is closest to the external world;}}	CC ISC2 Cybersecurity	Screenshot from 2025-07-02 16-57-10.png
What type of device is commonly advisable to have on the perimeter between two	Cc 0 6 &	An loT (Internet of Things) device is typically characterized by its effect on or use of	What type of device is commonly advisable to have on the perimeter between two	? networks? © v	An loT (Internet of Things) device is typically characterized by its effect on or use of	Firewalls are often useful to monitor/filter traffic between two networks. > Which of the following describes when archiving is typically done? Y) B Vv conect Score seconds	{{c1::An loT (Internet of Things) device is typically characterized by its effect on or use of}}	CC ISC2 Cybersecurity	Screenshot from 2025-07-02 16-57-13.png
What type of device is commonly advisable to have on the perimeter between two	Cc 0 6 &	What type of device is commonly advisable to have on the perimeter between two	networks?	> Which of the following describes when archiving is typically done?	When data is ready to be destroyed	Archiving is the action of moving data from the production environment to long-term storage. Every document owned by Triffid, Inc., whether hardcopy or electronic, has a clear, 24-point word at the top and bottom. Only three words can be used: “Sensitive”, > “Proprietary”, and “Public”.	{{c1::When data is ready to be destroyed}}	CC ISC2 Cybersecurity	Screenshot from 2025-07-02 16-57-16.png
Which of the following describes when archiving is typically done? () B oe),	Which of the following describes when archiving is typically done? () B oe),	Every document owned by Triffid, Inc., whether hardcopy or electronic, has a clear,	24-point word at the top and bottom. Only three words can be used: “Sensitive”,	“Proprietary”, and “Public”. ~Y) (m=) Vv	Privacy	Labeling is the practice of annotating assets with classification markings. To what data does security need to be provided? ~Y) 7 (*) Vv conect Score Seconds	{{c1::Privacy}}	CC ISC2 Cybersecurity	Screenshot from 2025-07-02 16-57-19.png
2 Data retention periods apply to which kind of data?	> “Proprietary”, and “Public”.	Which concept does this demonstrate?	> To what data does security need to be provi	Illegal	Illegal	All data needs some form of security; even data that is not sensitive (such as data intended for public view) needs protection to ensure availability. 2 Data retention periods apply to which kind of data?	{{c1::Illegal}}	CC ISC2 Cybersecurity	Screenshot from 2025-07-02 16-57-23.png
Which of the following describes data that is left behind on systems/media after «@) 2	To what data does security need to be provided? ~Y) 7	Data retention periods apply to which kind of data? ®) 23	Medical	All data should have specific retention periods (even though retention periods may differ for various types of data).	To what data does security need to be provided? ~Y) 7	All data should have specific retention periods (even though retention periods may differ for various types of data).	{{c1::To what data does security need to be provided? ~Y) 7}}	CC ISC2 Cybersecurity	Screenshot from 2025-07-02 16-57-26.png
Which of the following describes data that is left behind on systems/media after	What should be done when data has reached the end of the retention period? Y)	It should be archived	It should be destroyed	It should be enhanced	It should be enhanced	At the end of the retention period, data should be securely destroyed.	{{c1::It should be enhanced}}	CC ISC2 Cybersecurity	Screenshot from 2025-07-02 16-57-29.png
> What should be done when data has reached the end of the retention period? Y) 26 (#) Vv	> What should be done when data has reached the end of the retention period? Y) 26 (#) Vv	Which of the following describes data that is left behind on systems/media after	2? normal deletion procedures have been attempted? ” ©	Data remanence is the term used to describe data left behind on systems/media after normal deletion procedures have been	> What should be done when data has reached the end of the retention period? Y) 26 (#) Vv	Data remanence is the term used to describe data left behind on systems/media after normal deletion procedures have been > Where should log data be kept? ~Y) 19 (%) Vv	{{c1::> What should be done when data has reached the end of the retention period? Y) 26 (#) Vv}}	CC ISC2 Cybersecurity	Screenshot from 2025-07-02 16-57-33.png
Which of the following describes data that is left behind on systems/media after	Which of the following describes data that is left behind on systems/media after	2? normal deletion procedures have been attempted? ”	> Where should log data be kept? Y) 19 (=) Vv	In ait	On the device that the log data was captured from	Log data can often be useful in diagnosing or investigating the device it was captured from; it is therefore useful to store the data away from the device where it was harvested, in case something happens to the source device. > What should security controls on log data reflect? Y) 22 Vv Conect Score seconds	{{c1::On the device that the log data was captured from}}	CC ISC2 Cybersecurity	Screenshot from 2025-07-02 16-57-35.png
> What should security controls on log data reflect?	> Where should log data be kept? Y) 19 (=) Vv	> What should security controls on log data reflect?	comet	The local culture where the log data is stored	> Where should log data be kept? Y) 19 (=) Vv	Log data should be protected with security as high, or higher, than the security level of the systems or devices that log was > How often should logs be reviewed? 16 25 lncowect Score seconds	{{c1::> Where should log data be kept? Y) 19 (=) Vv}}	CC ISC2 Cybersecurity	Screenshot from 2025-07-02 16-57-38.png
Which technique/tool could Dieter use to assist in this effort?	D wee seu scuurny Cunuurs Un ey UaTETETTECE: zz Wy v	Every Thursday	Once per calendar year	Once per fiscal year	D wee seu scuurny Cunuurs Un ey UaTETETTECE: zz Wy v	Log review should happen continually, in order to ensure detection efforts are optimized. Dieter wants to send a message to Lupa and wants to be sure that Lupa knows the message has not been modified in transit. incorrect Score Seconds	{{c1::D wee seu scuurny Cunuurs Un ey UaTETETTECE: zz Wy v}}	CC ISC2 Cybersecurity	Screenshot from 2025-07-02 16-57-42.png
Which technique/tool could Dieter use to assist in this effort?	D wee seu scuurny Cunuurs Un ey UaTETETTECE: zz 138	Dieter wants to send a message to Lupa and wants to be sure that Lupa knows the	Which technique/tool could Dieter use to assist in this effort?	Antivirus software	D wee seu scuurny Cunuurs Un ey UaTETETTECE: zz 138	Hashing is a means to provide an integrity check.	{{c1::D wee seu scuurny Cunuurs Un ey UaTETETTECE: zz 138}}	CC ISC2 Cybersecurity	Screenshot from 2025-07-02 16-57-45.png
Which of the following is used to ensure that configuration management activities (s)	Triffid, Inc., wants to host streaming video files for the company's remote users,	but wants to ensure that the data is protected while it's streaming.	Which method is probably BEST for this purpose?	Asymmetric encryption	Triffid, Inc., wants to host streaming video files for the company's remote users,	Symmetric encryption offers confidentiality of data with the least amount of processing overhead, which makes it the preferred means of protecting streaming data. are effective and enforced? 7 incorrect Score Seconds	{{c1::Triffid, Inc., wants to host streaming video files for the company's remote users,}}	CC ISC2 Cybersecurity	Screenshot from 2025-07-02 16-57-48.png
Which of the following is used to ensure that configuration management activities (s)	Triffid, Inc., wants to host streaming video files for the company's remote users,	but wants to ensure that the data is protected while it's streaming.	Which method is probably BEST for this purpose?	Asymmetric encryption	Triffid, Inc., wants to host streaming video files for the company's remote users,	Symmetric encryption offers confidentiality of data with the least amount of processing overhead, which makes it the preferred means of protecting streaming data. are effective and enforced? 7 incorrect Score Seconds	{{c1::Triffid, Inc., wants to host streaming video files for the company's remote users,}}	CC ISC2 Cybersecurity	Screenshot from 2025-07-02 16-57-50.png
Which of the following is used to ensure that configuration management activities	Which method is probably BEST for this purpose?	Which of the following is used to ensure that configuration management activities	Verification and audit	Verification and audit are methods used to review the IT environment to ensure that configuration management activities have	Which method is probably BEST for this purpose?	Verification and audit are methods used to review the IT environment to ensure that configuration management activities have taken place and are achieving their intended purpose. > What must an organization always be prepared to do when applying a patch? Why is the proper alignment of security policy and business goals within the	{{c1::Which method is probably BEST for this purpose?}}	CC ISC2 Cybersecurity	Screenshot from 2025-07-02 16-57-53.png
> What must an organization always be prepared to do when applying a patch? a) y	> What must an organization always be prepared to do when applying a patch? a) y	Buy a new system	Pay for the updated content	Q)_ Rollback	Settle lawsuits	Patches can sometimes cause unintended problems in the environment, so an organization must always be prepared to rollback the environment to the last known good state prior to when the patch was applied. Why is the proper alignment of security policy and business goals within the ? organization important? v incorrect Score seconds	{{c1::Settle lawsuits}}	CC ISC2 Cybersecurity	Screenshot from 2025-07-02 16-57-57.png
> What is the MOST crucial element of any security instruction program? 9 Bly	Why is the proper alignment of security policy and business goals within the	Bad security policy can be illegal	Security is more important than business	Security policy that conflicts with business goals can inhibit productivity	Why is the proper alignment of security policy and business goals within the	Security is a support function in most organizations, not a business function; therefore, security policy must conform to business needs to avoid inhibiting productivity. An organization should keep on file a copy of every signed Acceptable Use Policy ? (AUP). To whom should a copy be issued? a v attempt taken Incorrect, Score	{{c1::Why is the proper alignment of security policy and business goals within the}}	CC ISC2 Cybersecurity	Screenshot from 2025-07-02 16-58-00.png
Why is the proper alignment of security policy and business goals within the	Why is the proper alignment of security policy and business goals within the	An organization should keep on file a copy of every signed Acceptable Use Policy	The Public Relations office	The regulators overseeing that industry	Why is the proper alignment of security policy and business goals within the	The AUP is an agreement between the user and the organization, so both parties need to keep a copy of it.	{{c1::Why is the proper alignment of security policy and business goals within the}}	CC ISC2 Cybersecurity	Screenshot from 2025-07-02 16-58-02.png
> What is the MOST crucial element of any security instruction program? ~Y) 9	An organization should keep on file a copy of every signed Acceptable Use Policy °	> What is the MOST crucial element of any security instruction program? ~Y) 9	Ensure availability of IT systems	Q Preserve health and human safety	Preserve shareholder value	This is the paramount rule in all security efforts. 2 Which one of the following is a benefit of computer-based training (CBT)?	{{c1::Preserve shareholder value}}	CC ISC2 Cybersecurity	Screenshot from 2025-07-02 16-58-05.png
2 Which one of the following is a benefit of computer-based training (CBT)? Bw) UY	> What is the MOST crucial element of any security instruction program? () 9 By	Expensive	Interacting with other participants	Personal interaction with instructor	> What is the MOST crucial element of any security instruction program? () 9 By	CBT is completely scalable, because it can be replicated uniformly for any number of users. 2 Which of the following describes the output of a hashing algorithm? Y) BY . attempt taken S i ->__ Hashing is often used to provide what? QD (oo) n	{{c1::> What is the MOST crucial element of any security instruction program? () 9 By}}	CC ISC2 Cybersecurity	Screenshot from 2025-07-02 16-58-07.png
Which one of the following is a benefit of computer-based training (CBT)?	> What is the MOST crucial element of any security instruction program?	Which one of the following is a benefit of computer-based training (CBT)?	Which of the following describes the output of a hashing algorithm?	It's different when the same input is used	> What is the MOST crucial element of any security instruction program?	Hashing algorithms create output of a fixed length. Hashing is often used to provide what?	{{c1::> What is the MOST crucial element of any security instruction program?}}	CC ISC2 Cybersecurity	Screenshot from 2025-07-02 16-58-10.png
2 Which of the following describes the output of a hashing algorithm? 25	> Hashing is often used to provide what? 1	Availability	Confidentiality	Q Integrity	Value	Hashing is used for integrity checks. If two people want to use asymmetric communication to conduct a confidential conversation, how many keys do they need? lattempt taken Incorrect Score Seconds	{{c1::Value}}	CC ISC2 Cybersecurity	Screenshot from 2025-07-02 16-58-12.png
	If two people want to use asymmetric communication to conduct a confidential	In asymmetric encryption, each party needs their own key pair (a public key and a private key) to engage in confidential			If two people want to use asymmetric communication to conduct a confidential	In asymmetric encryption, each party needs their own key pair (a public key and a private key) to engage in confidential	{{c1::If two people want to use asymmetric communication to conduct a confidential}}	CC ISC2 Cybersecurity	Screenshot from 2025-07-02 16-58-15.png